Admition,Nombre,Apellido,BithDate,Email,Nombre,Apellido,Relacion,Email
20914199,Sergio,Peralta,05/06/91,serpel.js@gmail.com,Sergio,Peralta,Padre,serpel.js@gmail.com
20914200,Julio,Sosa,05/07/91,serpel.js@gmail.com,Julio,Sosa,Padre,serpel.js@gmail.com
20914201,Samanta,Santa,05/08/91,serpel.js@gmail.com,Samanta,Santa,Padre,serpel.js@gmail.com
20914202,Diego,Turcios,05/09/91,serpel.js@gmail.com,Diego,Turcios,Padre,serpel.js@gmail.com
20914203,Mirtha,Coto,05/10/91,serpel.js@gmail.com,Mirtha,Coto,Padre,serpel.js@gmail.com
20914204,Solin,Bargas,05/11/91,serpel.js@gmail.com,Solin,Bargas,Padre,serpel.js@gmail.com
20914205,Mismo,Nunes,05/12/91,serpel.js@gmail.com,Mismo,Nunes,Padre,serpel.js@gmail.com
20914206,Kesia,Peralta,05/01/91,serpel.js@gmail.com,Kesia,Peralta,Padre,serpel.js@gmail.com
20914207,Cesia,Perez,05/02/91,serpel.js@gmail.com,Cesia,Perez,Padre,serpel.js@gmail.com
20914208,Wilmer,Aguilar,05/03/91,serpel.js@gmail.com,Wilmer,Aguilar,Padre,serpel.js@gmail.com
20914209,Antonio,Wilson,05/04/91,serpel.js@gmail.com,Antonio,Wilson,Padre,serpel.js@gmail.com
20914210,Perry,White,05/05/91,serpel.js@gmail.com,Perry,White,Padre,serpel.js@gmail.com
20914211,Andres,Soliman,05/06/91,serpel.js@gmail.com,Andres,Soliman,Padre,serpel.js@gmail.com
